{
    "name": "CraftingLib",
    "description": "Adds a modular crafting system, allowing other modules to add or overwrite recipes for their own or basegame items, add their own ingredients (or overwrite existing ones), and add alternative recipes for items. Recipes are separated by workbench type, and have no limits to ingredient/item combinations for their requirements and outputs. Does nothing on its own.",
    "author": "[color=#f776ff]Selinoccino[/color]",
    "modversion": "1.0",
    "gameversion": "0.1.12fix3",
}