{
    "name": "Misgender Tweaks",
    "description": "Fixes pronouns and gendered words where the player's gender and pronouns aren't respected.\nCurrently fixes some modular dialogue and the first encounter with Bulldog.\nSince it modifies little more than text, I don't think it should cause any issues, but I haven't tested it too much, so please let me know if something doesn't work. enjoy~\nUpdate 0.2: fixed verbs and stuff",
    "author": "Selinoccino",
    "modversion": "0.2.1",
    "gameversion": "0.1.11fix1",
}