{
    "name": "An Apple A Day",
    "description": "Adds exciting new uses for apples. Now with tarts.\nVersion 1.5.2:\n-Rewritten to use CraftingLib (which is now required!)\n\nVersion 1.5.1:\n-Added apple tarts, which are just food.\n-Made the cooking system as modular as possible, allowing other modules to add or overwrite recipes for their own or basegame items, add their own ingredients (or overwrite existing ones), and add alternative recipes for items.\n-Added the ability to create ingredients from items other than apples, as well as other ingredients.\n-Added the ability to transfer any fluid type from an item as an ingredient, as long as an ingredient with the same id exists.",
    "author": "[color=#f776ff]Selinoccino[/color]",
    "modversion": "1.5.2",
    "gameversion": "0.1.12fix3",
}