{
    "name": "Misgender Tweaks",
    "description": "Fixes pronouns and gendered words where the player's gender and pronouns aren't respected.\nCurrently fixes:\n-some modular dialogue\n-the first encounter with Bulldog\n-reactions to masturbating in public\n-slut slaves (were always referred to as female)\nSince it modifies little more than text, I don't think it should cause any issues, but I haven't tested it too much, so please let me know if something doesn't work. enjoy~\nUpdate 0.3: slut slaves and public masturbation fixes",
    "author": "Selinoccino",
    "modversion": "0.3",
    "gameversion": "0.1.11fix1",
}